Municipio,Web,hojas
Getafe,https://www.paginasamarillas.es/search/administrador-de-fincas/all-ma/madrid/all-is/getafe/all-ba/all-pu/all-nc/1?what=Administrador+de+fincas&where=Getafe%2C+Madrid&qc=true,0
Leganés,https://www.paginasamarillas.es/search/administrador-de-fincas/all-ma/madrid/all-is/leganes/all-ba/all-pu/all-nc/1?what=Administrador+de+fincas&where=leganes&qc=true,0
Alcorcón,https://www.paginasamarillas.es/search/administrador-de-fincas/all-ma/madrid/all-is/alcorcon/all-ba/all-pu/all-nc/1?what=Administrador+de+fincas&where=alcorcon&qc=true,0
Pozuelo de Alarcón,https://www.paginasamarillas.es/search/administrador-de-fincas/all-ma/madrid/all-is/pozuelo-de-alarcon/all-ba/all-pu/all-nc/1?what=Administrador+de+fincas&where=pozuelo+de+alarcon&qc=true,0
Majadahonda,https://www.paginasamarillas.es/search/administrador-de-fincas/all-ma/madrid/all-is/mahadahonda/all-ba/all-pu/all-nc/1?what=Administrador+de+fincas&where=mahadahonda&qc=true,0
Las Rozas de Madrid,https://www.paginasamarillas.es/search/administrador-de-fincas/all-ma/madrid/all-is/las-rozas-de-madrid/all-ba/all-pu/all-nc/1?what=Administrador+de+fincas&where=las+rozas&hl=LAS+ROZAS&qc=true,0
Torredolones,https://www.paginasamarillas.es/search/administrador-de-fincas/all-ma/madrid/all-is/torrelodones/all-ba/all-pu/all-nc/1?what=Administrador+de+fincas&where=torredolones&qc=true,0
Hoyo de Manzanares,https://www.paginasamarillas.es/search/administrador-de-fincas/all-ma/madrid/all-is/hoyo-de-manzanares/all-ba/all-pu/all-nc/1?what=Administrador+de+fincas&where=hoyo+de+manzanares&qc=true,0
Colmenar Viejo,https://www.paginasamarillas.es/search/administrador-de-fincas/all-ma/madrid/all-is/colmenar-viejo/all-ba/all-pu/all-nc/1?what=Administrador+de+fincas&where=colmenar+viejo&qc=true,0
Tres Cantos,https://www.paginasamarillas.es/search/administrador-de-fincas/all-ma/madrid/all-is/tres-cantos/all-ba/all-pu/all-nc/1?what=Administrador+de+fincas&where=tres+cantos&qc=true,0
San Sebastián de los Reyes,https://www.paginasamarillas.es/search/administrador-de-fincas/all-ma/madrid/all-is/san-sebastian-de-los-reyes/all-ba/all-pu/all-nc/1?what=Administrador+de+fincas&where=san+sebastian+de+los+reyes&qc=true,0
Alcobendas,https://www.paginasamarillas.es/search/administrador-de-fincas/all-ma/madrid/all-is/alcobendas/all-ba/all-pu/all-nc/1?what=Administrador+de+fincas&where=alcobendas&qc=true,0
Paracuellos de Jarama,https://www.paginasamarillas.es/search/administrador-de-fincas/all-ma/madrid/all-is/paracuellos-de-jarama/all-ba/all-pu/all-nc/1?what=Administrador+de+fincas&where=paracuellos+de+jarama&qc=true,0
San Fernando de Henares,https://www.paginasamarillas.es/search/administrador-de-fincas/all-ma/madrid/all-is/san-fernando-de-henares/all-ba/all-pu/all-nc/1?what=Administrador+de+fincas&where=san+fernando+de+henares&qc=true,0
Coslada,https://www.paginasamarillas.es/search/administrador-de-fincas/all-ma/madrid/all-is/coslada/all-ba/all-pu/all-nc/1?what=Administrador+de+fincas&where=coslada&qc=true,0
Rivas-Vaciamadrid,https://www.paginasamarillas.es/search/administrador-de-fincas/all-ma/madrid/all-is/rivas-vaciamadrid/all-ba/all-pu/all-nc/1?what=Administrador+de+fincas&where=rivas+vaciamadrid&qc=true,0
Parla,https://www.paginasamarillas.es/search/administrador-de-fincas/all-ma/madrid/all-is/parla/all-ba/all-pu/all-nc/1?what=Administrador+de+fincas&where=Parla&qc=true,0
Fuenlabrada,https://www.paginasamarillas.es/search/administrador-de-fincas/all-ma/madrid/all-is/fuenlabrada/all-ba/all-pu/all-nc/1?what=Administrador+de+fincas&where=fuenlabrada&hl=FUENLABRADA&qc=true,0
Móstoles,https://www.paginasamarillas.es/search/administrador-de-fincas/all-ma/madrid/all-is/mostoles/all-ba/all-pu/all-nc/1?what=Administrador+de+fincas&where=M%C3%B3stoles&qc=true,0
Pinto,https://www.paginasamarillas.es/search/administrador-de-fincas/all-ma/all-pr/all-is/pinto/all-ba/all-pu/all-nc/1?what=Administrador+de+fincas&where=Pinto&pc=Cadiz%26madrid&qc=true,0
Valdemoro,https://www.paginasamarillas.es/search/administrador-de-fincas/all-ma/all-pr/all-is/valdemoro/all-ba/all-pu/all-nc/1?what=Administrador+de+fincas&where=valdemoro&pc=Asturias%26madrid&qc=true,0
Torrejón de Ardoz,https://www.paginasamarillas.es/search/administrador-de-fincas/all-ma/madrid/all-is/torrejon-de-ardoz/all-ba/all-pu/all-nc/1?what=Administrador+de+fincas&where=torrejon+de+ardoz&qc=true,0
Moralzarzal,https://www.paginasamarillas.es/search/administrador-de-fincas/all-ma/madrid/all-is/moralzarzal/all-ba/all-pu/all-nc/1?what=Administrador+de+fincas&where=moralzarzal&qc=true,0
